"Timestamp","First Name","Surname","Mobile Number","Landline ","Email ","Are you first aid trained","Availability for 10 Days of Prayer","Sponsoring Church and Contact Details","Where do feel led to serve","Any limitations to above or other information you feel is applicable.","Any further details you feel you wish to share","","","","","",""
"2017/06/22 3:22:11 pm GMT","","","","","","","Weds 20 Sept set up team 11:00-16:30;Weds 20 Sept Evening Gathering;Thurs 21 Sept Afternoon;Thurs 21 Sept Evening Gathering;Fri 22 Sept Afternoon;Fri 22 Sept Evening Gathering;Sat 23 Sept morning from 9:30;Sat 23 Sept afternoon;Sat 23 evening;Sun 24 afternoon;Sun 24 Evening Gathering;Mon 25 Morning;Mon 25 Afternoon;Mon 25 Evening Gathering;Tue 26 Morning;Tue 26 Afternoon;Tue 26 Evening Gathering;Wed 27 Morning;Wed 27 Set down;Wed 27 Evening Gathering;Thu 28 Morn;Thu 28 Afternoon;Thu 28 Evening Gathering;Fri 29 Morn;Fri 29 Afternoon;Fri 29 Evening Gathering (Sabat);Sat 30 Morn (Sabat & Yom Kippur, Day of Atonement);Sat 30 Afternoon (Ends Sundown around 18:00)","Reading Family Church, 
Scott Taylor 
xxxx-xxxxx","Worship;Set up tent - At least 10 people needed to erect (Daytime 20th Sept afternoon);Pack away site (27th September afternoon)","","","Ian","Stanley","079135 13808","079135 13808","ian@jesusdiedfor.me",""
"2017/08/14 9:54:28 pm GMT","","","","","","","Weds 20 Sept Evening Gathering;Thurs 21 Sept Evening Gathering;Fri 22 Sept Evening Gathering;Sat 23 Sept morning from 9:30;Sat 23 Sept afternoon;Sat 23 evening;Sun 24 afternoon;Sun 24 Evening Gathering;Mon 25 Evening Gathering;Tue 26 Evening Gathering;Wed 27 Evening Gathering;Thu 28 Evening Gathering;Fri 29 Evening Gathering (Sabat)","was a member of Reading Family Church for 3yrs, in worship team and doing evangelism, since then moved to Oxford and have been part of St Aldates Church since 2015 but am HUGELY keen on seeing Revival in Reading as it's my birthplace) ","Worship / PA (Please indicate in further details at bottom of page ... We will need Worship Leaders, Worship Team and PA)","Waiting to hear on time off for work so may be available on some days in the daytime but tbc","Got links to various Reading churches as from there (was part of RFC for 3yrs, connected with Network Vin) and very involved in street evangelism and passionate about prayer. Hosted a year of monthly worship days in Reading so STOKED more is coming and that this is happening yayayYAYYAY!!!! ","Lozi","Bolton","07392348068","","Lozib@burn247.com","No"
"2017/08/14 10:08:51 pm GMT","","","","","","","Weds 20 Sept set up team 11:00-16:30;Weds 20 Sept Evening Gathering;Thurs 21 Sept Afternoon;Thurs 21 Sept Evening Gathering;Fri 22 Sept Afternoon;Fri 22 Sept Evening Gathering;Sat 23 Sept morning from 9:30;Sat 23 Sept afternoon;Sat 23 evening;Sun 24 afternoon;Sun 24 Evening Gathering;Mon 25 Afternoon;Mon 25 Evening Gathering;Tue 26 Afternoon;Tue 26 Evening Gathering;Wed 27 Set down;Wed 27 Evening Gathering;Thu 28 Afternoon;Thu 28 Evening Gathering;Fri 29 Afternoon;Fri 29 Evening Gathering (Sabat);Sat 30 Morn (Sabat & Yom Kippur, Day of Atonement);Sat 30 Afternoon (Ends Sundown around 18:00)","St Johns, Hartley Wintney","Stewarding;Ministry team;Worship / PA (Please indicate in further details at bottom of page ... We will need Worship Leaders, Worship Team and PA);Decoration Setup (Daytime 20th Sept afternoon and also prior to the event when possible);Refreshments;Evangelism/prayer for public (Daytime);Set up tent - At least 10 people needed to erect (Daytime 20th Sept afternoon);Pack away site (27th September afternoon);Set up. 45 mins before evening gathering.","I've got a family :-)","Jesus Rules!","Tim","D","07928615101","01189733651","timdoolan@hotmail.com","No"
"2017/08/15 2:03:43 pm GMT","","","","","","","Weds 20 Sept set up team 11:00-16:30","blurb","Stewarding;Ministry team;Worship / PA (Please indicate in further details at bottom of page ... We will need Worship Leaders, Worship Team and PA);Decoration Setup (Daytime 20th Sept afternoon and also prior to the event when possible);Refreshments;Evangelism/prayer for public (Daytime);Set up tent - At least 10 people needed to erect (Daytime 20th Sept afternoon);Pack away site (27th September afternoon);Set up. 45 mins before evening gathering.","","","fred","test","234567890","4567890","abc@def.com","No"
"2017/08/15 2:04:43 pm GMT","","","","","","","Thurs 21 Sept Evening Gathering","hjkhkjgfjhgvkjhgjk","Stewarding;Ministry team;Worship / PA (Please indicate in further details at bottom of page ... We will need Worship Leaders, Worship Team and PA);Decoration Setup (Daytime 20th Sept afternoon and also prior to the event when possible);Refreshments;Evangelism/prayer for public (Daytime);Set up tent - At least 10 people needed to erect (Daytime 20th Sept afternoon);Pack away site (27th September afternoon);Set up. 45 mins before evening gathering.","","","asdasd","sdfghj","3456789","456789","dfghjk@dfghjk","Yes"
"2017/08/18 9:54:11 am GMT","","","","","","","Weds 20 Sept Evening Gathering;Thurs 21 Sept Afternoon;Fri 22 Sept Evening Gathering;Tue 26 Afternoon;Tue 26 Evening Gathering;Fri 29 Evening Gathering (Sabat)","All Nations","Ministry team;Set up tent - At least 10 people needed to erect (Daytime 20th Sept afternoon)","","","Billy","Fenning","07947026011","","billy.fenning@allnationselim.org","No"
"2017/08/21 5:55:05 am GMT","","","","","","","Weds 20 Sept Evening Gathering;Thurs 21 Sept Afternoon;Thurs 21 Sept Evening Gathering;Fri 22 Sept Evening Gathering;Sat 23 evening;Mon 25 Afternoon;Tue 26 Afternoon;Wed 27 Evening Gathering;Thu 28 Afternoon;Thu 28 Evening Gathering;Fri 29 Afternoon;Fri 29 Evening Gathering (Sabat);Sat 30 Morn (Sabat & Yom Kippur, Day of Atonement)","Wycliffe baptist - myself - outreach pastor","Ministry team;Worship / PA (Please indicate in further details at bottom of page ... We will need Worship Leaders, Worship Team and PA);Refreshments;Evangelism/prayer for public (Daytime)","The two thursday evenings Wycliffe band willing to come and do the worship - we are used to having revival prayer meetings and they would be in that format of prayer and worship - ","","Jill","Bird","07543078258","","jill@wycliffe-church.org.uk","No"
"2017/08/23 6:03:57 pm GMT","","","","","","","Mon 25 Evening Gathering;Tue 26 Evening Gathering;Wed 27 Evening Gathering;Thu 28 Afternoon;Thu 28 Evening Gathering;Fri 29 Afternoon","Our Lady of Peace and Blessed Dominic Barberi, Earley
Fr Stan Gibzinski
0118 9663721","Ministry team;Refreshments","I would like to volunteer for any 3 sessions from the ticked list above","","Ann-Marie","Paterson","07836 255900","","annmarie.paterson@gmail.com","No"
"2017/08/24 1:43:09 pm GMT","","","","","","","Weds 20 Sept Evening Gathering;Wed 27 Set down;Wed 27 Evening Gathering","Gold Hill","Ministry team;Evangelism/prayer for public (Daytime)","I can come 5pm onwards on the Wednesdays and hopefully the Saturday but need to confirm this.","Happy to lead in prayer for least evangelised peoples in the UK and overseas, those will little access to the Gospel. ","Jenny","Oliphant","07780190448","01753888631","ethnejenny@gmail.com","No"
"2017/08/24 1:55:56 pm GMT","","","","","","","Thurs 21 Sept Afternoon;Fri 29 Afternoon","New Hope, Joy Atkins (Associate Vicar), joy.atkins@greyfriars.org.uk, 07799 835696","Ministry team","I am available until 2.30, but then have to leave to do the school run.","The times above are the ones I can be available for prayer ministry.
I hope to come at other times too and to be involved in praying for the town within my role as The Mustard Tree, a local kingdom ministry of which I am CEO (www.themustardtree.org.uk).
So if I can help in any other way do let me know.","Katherine","Shepherd","07885970852","01184379166","kshepherd2003@hotmail.com","No"
"2017/08/24 3:36:03 pm GMT","","","","","","","Thu 28 Afternoon;Fri 29 Afternoon","I am curate at Greyfriars Church","Ministry team;Evangelism/prayer for public (Daytime)","","","Sarah","Jones","07703835704","","sarah.jones@greyfrairs.org.uk","No"
"2017/08/25 12:04:36 am GMT","","","","","","","Weds 20 Sept Evening Gathering;Thurs 21 Sept Afternoon;Mon 25 Evening Gathering;Thu 28 Afternoon;Sat 30 Afternoon (Ends Sundown around 18:00)","Reading Family Church, Sean Green, churchoffice@readingfamilychurch.org.uk","Ministry team;Refreshments","","I have not discussed this with my church.","Carol","Carson","07786044467","0118 9599954","caroljcarson47@gmail.com","No"
"2017/08/25 7:23:16 am GMT","","","","","","","Weds 20 Sept set up team 11:00-16:30;Weds 20 Sept Evening Gathering;Thurs 21 Sept Afternoon;Thurs 21 Sept Evening Gathering;Sat 23 Sept morning from 9:30;Sat 23 Sept afternoon;Sat 23 evening;Sun 24 afternoon;Sun 24 Evening Gathering;Mon 25 Evening Gathering;Tue 26 Afternoon;Tue 26 Evening Gathering;Wed 27 Set down;Wed 27 Evening Gathering;Thu 28 Afternoon;Thu 28 Evening Gathering;Sat 30 Morn (Sabat & Yom Kippur, Day of Atonement);Sat 30 Afternoon (Ends Sundown around 18:00)","Roger Cole, Henley Baptist Church; d:two","Worship / PA (Please indicate in further details at bottom of page ... We will need Worship Leaders, Worship Team and PA);Refreshments;Evangelism/prayer for public (Daytime)","Here I am, use me Lord, I love to worship you. How can I serve you Jesus?","This is answer to prayer","Tina","Heap","07818666298","01491682344","j.k.heap@btinternet.com","Yes"
"2017/08/26 5:20:49 pm GMT","","","","","","","Weds 20 Sept Evening Gathering;Thurs 21 Sept Evening Gathering;Sat 23 Sept afternoon;Sat 23 evening;Tue 26 Evening Gathering;Thu 28 Evening Gathering;Sat 30 Afternoon (Ends Sundown around 18:00)","Elim All Nations","Ministry team;Worship / PA (Please indicate in further details at bottom of page ... We will need Worship Leaders, Worship Team and PA);Set up. 45 mins before evening gathering.","","I would like to lead sessions of worship","Chukwudi ","Nwokorie ","07921505018","","Chukwudi-n@hotmail.co.uk ","No"
"2017/08/29 3:45:54 pm GMT","","","","","","","Weds 20 Sept Evening Gathering;Thurs 21 Sept Afternoon;Thurs 21 Sept Evening Gathering;Sun 24 afternoon;Mon 25 Afternoon;Tue 26 Afternoon;Tue 26 Evening Gathering;Wed 27 Evening Gathering;Thu 28 Afternoon;Thu 28 Evening Gathering","Greyfriars, Pete Willmot, see above (I work full time at Greyfriars)","Worship / PA (Please indicate in further details at bottom of page ... We will need Worship Leaders, Worship Team and PA)","","I've already asked a number of my worship team to set aside some time on some evenings (on the days I've given you), but I am around most days to come and play/lead where appropriate. As I said to Ian and Tim earlier today (29/8/17) use me (and those in my team) where possible and appropriate.","Pete","Willmot","07742290123","","pete.willmot@greyfriars.org.uk","No"
"2017/08/29 8:24:26 pm GMT","","","","","","","Weds 20 Sept Evening Gathering;Thurs 21 Sept Afternoon;Sat 23 Sept morning from 9:30;Tue 26 Evening Gathering;Fri 29 Afternoon;Fri 29 Evening Gathering (Sabat);Sat 30 Afternoon (Ends Sundown around 18:00)","Greyfriars Church, David Walker (vicar), david.walker@greyfriars.org.uk","Ministry team","Thurs 21st - will probably need to go earlier, perhaps 4pm ish
Sat 30th - going to wedding service so unlikely to arrive before around 2pm","As we discussed, I'm hoping to be there at other points during the 10 days, so may be able to fill in at other times on prayer ministry if needed. ","Fiona","Pollard","07799 812458","","fiona.pollard@greyfriars.org.uk","No"
"2017/08/29 8:24:26 pm GMT","","","","","","","Weds 20 Sept Evening Gathering;Sat 23 Sept morning from 9:30;Tue 26 Evening Gathering;Fri 29 Evening Gathering (Sabat);Sat 30 Afternoon (Ends Sundown around 18:00)","Greyfriars, David Walker david.walker@greyfriars.org.uk","Ministry team;Worship / PA (Please indicate in further details at bottom of page ... We will need Worship Leaders, Worship Team and PA)","As Tim and I discussed at David's Tent, possibly willing to do (quiet) worship on keys/vox if you are completely stuck (I'm ok but not marvellous) - probably more suited to daytime than evening session.
Sat 30th can't get there until 2pm ish.","wheelchair user","Steve","Pollard","07590269243","","steve.pollard@live.co.uk","No"
"2017/08/31 5:56:05 am GMT","Sona","Bobmanuel","07425389464","","sokenaye.bobmanuel@yahoo.com ","No","Weds 20 Sept Evening Gathering;Fri 22 Sept Evening Gathering;Sat 23 Sept morning from 9:30;Wed 27 Evening Gathering;Fri 29 Evening Gathering (Sabat);Sat 30 Morn (Sabat & Yom Kippur, Day of Atonement)","All Nations for christ","Worship / PA (Please indicate in further details at bottom of page ... We will need Worship Leaders, Worship Team and PA)","","","","","","","",""
"2017/08/31 9:46:42 am GMT","Jonathan","Williams","","","Jon.williams@allnationselim.org","No","Weds 20 Sept set up team 11:00-16:30;Weds 20 Sept Evening Gathering","All Nations Christian Centre, Billy Fenning","Set up tent - At least 10 people needed to erect (Daytime 20th Sept afternoon)","","","","","","","",""
"2017/08/31 6:33:02 pm GMT","Rob","Eisner","07731455553","","robeisner@hotmail.com","No","Thurs 21 Sept Evening Gathering;Tue 26 Evening Gathering;Thu 28 Evening Gathering;Sat 30 Afternoon (Ends Sundown around 18:00)","Emmanuel Church Woodley - Sean Riordan - sean@emmanuelwoodley.org.uk. Neville Hollands - Lifespring (previous church) - nev@lifespringchurch.org.uk","Worship / PA (Please indicate in further details at bottom of page ... We will need Worship Leaders, Worship Team and PA)","","Worship Leader from Emmanuel Woodley, previously Lifespring church (also see Malc Peirce for reference). I can probably be available for more than just the dates I have indicated. Can provide team for some nights.","","","","","",""
"2017/08/31 9:15:54 pm GMT","Peter","Wagner","07704707951","","petwag@gmail.com","No","Thurs 21 Sept Evening Gathering;Fri 22 Sept Evening Gathering;Tue 26 Evening Gathering","Wycliffe Baptist Church, Lee Kohler, lee@wycliffe-church.org.uk
","Worship / PA (Please indicate in further details at bottom of page ... We will need Worship Leaders, Worship Team and PA)","","I'm Worship leader at Wycliffe and serving at RCN once a month. Available to serve in leading worship or supporting others. I lead from acoustic guitar.","","","","","",""
"2017/08/31 11:08:25 pm GMT","Sadiah","Aalam","07870396094","01189713279","Sadiah.aalam@btopenworld.com","No","Weds 20 Sept Evening Gathering;Fri 22 Sept Evening Gathering;Sun 24 Evening Gathering;Tue 26 Evening Gathering;Fri 29 Evening Gathering (Sabat);Sat 30 Afternoon (Ends Sundown around 18:00)","Greayfriars church Reading, David Walker. david.walker@greyfriars.org.uk","Ministry team","I am on the prayer ministry team in my church. ","I would like to make myself available for what God wants to do in these days of prayer and worship. ","","","","","",""
"2017/09/02 5:27:29 pm GMT","Ann","Pawson","07818 424377","01189471944","ann.pawson@nakedobjects.org","No","Thurs 21 Sept Evening Gathering;Fri 22 Sept Evening Gathering;Sat 23 Sept afternoon;Sun 24 Evening Gathering;Mon 25 Evening Gathering;Tue 26 Evening Gathering;Thu 28 Evening Gathering;Fri 29 Evening Gathering (Sabat);Sat 30 Afternoon (Ends Sundown around 18:00)","Greyfriars","Ministry team","","","","","","","",""
"2017/09/02 6:41:13 pm GMT","Jennifer","Brickwell","07866 865655","","jbrickwell@hotmail.com","No","Thurs 21 Sept Afternoon;Fri 22 Sept Evening Gathering;Sun 24 Evening Gathering;Tue 26 Afternoon","All Nations Church, Pastor Billy Fenning billy.fenning@allnationselim.org","Stewarding","I will also be able to provide prayer cover","","","","","","",""
"2017/09/03 7:29:32 am GMT","Katie","Baker","07794222917","","katiebaker34@hotmail.co.uk","No","Thurs 21 Sept Afternoon;Thurs 21 Sept Evening Gathering;Fri 22 Sept Afternoon;Fri 22 Sept Evening Gathering;Sat 23 Sept morning from 9:30;Mon 25 Evening Gathering;Tue 26 Afternoon;Tue 26 Evening Gathering;Wed 27 Set down (noon ─ 4pm);Wed 27 Evening Gathering","The Gate, Yinka Oyekan, 01189415557","Worship / PA (Please indicate in further details at bottom of page ... We will need Worship Leaders, Worship Team and PA)","","I'm a worship leader on vocals and flow into prophetic worship. I've been connected with the Oxford burn community which does long periods of continuous worship. I can also play piano but not super confident leading from the keys. Would love to help out with this event as much as you need!","","","","","",""
"2017/09/03 10:47:42 am GMT","Richard","McCoull","07916 588 390","0118 941 9115","richardmccoull@tiscali.co.uk","No","Weds 20 Sept Evening Gathering;Mon 25 Afternoon;Mon 25 Evening Gathering;Tue 26 Evening Gathering","Greyfriars Church, David Walker, ","Ministry team","I have responsibilities for cooking meals at home and occasional Grandchildren care, this willaffect my leaving time in the afternoons. I'm away for 45th Wedding Anniversary from 22nd to 24th September.","I believe my gifting is mainly in the area of evangelism - occasionally the prophetic. Strong interest in God's plans for Israel - leading the 'Prayer for Israel' (PFI) group at Greyfriars.","","","","","",""
"2017/09/03 5:03:24 pm GMT","Moji","Kolawole","07912420024","","","No","Sat 30 Morn (Sabat & Yom Kippur, Day of Atonement);Sat 30 Afternoon (Ends Sundown around 18:00)","Greyfriars church","Stewarding","","","","","","","",""
"2017/09/03 7:48:08 pm GMT","Inge","Robinson","07793077908","01189588683","inge.robinson@sky.com","Yes","Fri 22 Sept Evening Gathering;Sun 24 afternoon;Fri 29 Evening Gathering (Sabat);Sat 30 Morn (Sabat & Yom Kippur, Day of Atonement);Sat 30 Afternoon (Ends Sundown around 18:00)","Don't have one at the moment.","Ministry team;Worship / PA (Please indicate in further details at bottom of page ... We will need Worship Leaders, Worship Team and PA)","","I am a trained Prayer Minister with Ellel Ministries at present I do not have a regular church, I have been in Reading for 8yrs and have been attending several different churches usually for about 2yrs and then I seem to be moved on by God. Harp and Bowl worship is my passion and haven't found anywhere that wants to embrace this on a regular basis. If you need a reference from a Pastor in Reading I can probably get one from Pads Dolphin at St Matthews as that is my local parish church and I have a good relationship with them. My home church in London would also give me a reference as would Ellel Ministries.","","","","","",""
"2017/09/03 11:20:06 pm GMT","Ruth","Andarge","07462040640","","10andarr.95@gmail.com","No","Sun 24 Evening Gathering;Thu 28 Evening Gathering","All nations church ","Worship / PA (Please indicate in further details at bottom of page ... We will need Worship Leaders, Worship Team and PA)","Part of a youth Worship band ","","","","","","",""
"2017/09/04 12:08:50 pm GMT","Becky ","Gardner","07779 462927","01252 844106","Beckygardner@talktalk.net","No","Fri 22 Sept Evening Gathering","St Johns, Hartley Wintney","Ministry team","","","","","","","",""
"2017/09/04 8:29:07 pm GMT","Jeremy","Sharpe","07970100131","01189618422","jsharpe.fitc@gmail.com","No","Fri 22 Sept Afternoon;Thu 28 Afternoon","The Gate Reading","Stewarding","","","","","","","",""
"2017/09/05 9:48:37 am GMT","Hayley","Searle-Barnes","07557236153","","hayleysearle-barnes@outlook.com","No","Thurs 21 Sept Afternoon;Fri 22 Sept Afternoon;Mon 25 Afternoon;Tue 26 Afternoon;Thu 28 Afternoon;Fri 29 Afternoon","Greyfriars Church","Stewarding;Ministry team;Hospitality","","","","","","","",""
"2017/09/05 8:16:08 pm GMT","Richard","Walker","0775281339","NA","richardwalker77@gmail.com","No","Weds 20 Sept Evening Gathering;Fri 22 Sept Evening Gathering;Sat 23 evening;Sun 24 afternoon;Sun 24 Evening Gathering;Mon 25 Evening Gathering;Tue 26 Evening Gathering;Wed 27 Evening Gathering;Fri 29 Evening Gathering (Sabat)","Reading Family Church","Stewarding;Ministry team;Hospitality","I'd rather not be taken for all of the slots that I have entered, not least because it would give my wife opportunity to get down, but those are the ones that are currently ""free"" in my diary.","My second child is due to exit the womb any day now, so I may have to be removed completely from participating in the event.","","","","","",""
"2017/09/06 8:40:26 am GMT","Julian","Rowlandson","07732661536","","julian.rowlandson@greyfriars.org.uk","No","Thurs 21 Sept Afternoon;Tue 26 Evening Gathering;Thu 28 Afternoon","Greyfriars","Stewarding;Worship / PA (Please indicate in further details at bottom of page ... We will need Worship Leaders, Worship Team and PA)","PA/AV","","","","","","",""
"2017/09/06 9:05:10 pm GMT","Cathy","Bull","07877899102","","cathybull900@hotmail.com","No","Thurs 21 Sept Evening Gathering","All nations christian Centre","Stewarding;Hospitality","","","","","","","",""
"2017/09/07 11:27:01 am GMT","Julian","Rowlandson","07732661536","","julian.rowlandson@greyfriars.org.uk","","Thurs 21 Sept Evening Gathering","Greyfriars","Stewarding;Worship / PA (Please indicate in further details at bottom of page ... We will need Worship Leaders, Worship Team and PA)","PA/AV","I think I previously offered Thurs 28th evening which I cannot do sorry.","","","","","",""
"2017/09/07 8:50:46 pm GMT","Ethel","Nutsugah","07474125788","n/a","megasoloist@hotmail.co.uk","No","Weds 20 Sept Evening Gathering;Thurs 21 Sept Afternoon;Thurs 21 Sept Evening Gathering;Fri 22 Sept Afternoon;Fri 22 Sept Evening Gathering","intercessors Ministries Reading","Worship / PA (Please indicate in further details at bottom of page ... We will need Worship Leaders, Worship Team and PA)","","","","","","","",""
"2017/09/08 2:56:40 pm GMT","Linda","Flintoft","07795465773","01189744725","lindaflintoft@btconnect.com","No","Thurs 21 Sept Afternoon;Tue 26 Afternoon;Thu 28 Afternoon","Greyfriars church ","Ministry team;Hospitality","","I'm on my church prayer ministry team","","","","","",""
"2017/09/10 10:58:06 am GMT","Israel","Onoriode","07730685556","","israelonoriode@gmail.com","No","Weds 20 Sept set up team 11:00-16:30;Thurs 21 Sept Afternoon;Fri 22 Sept Afternoon;Fri 22 Sept Evening Gathering;Sat 23 Sept morning from 9:30;Sat 23 Sept afternoon;Sun 24 afternoon;Sun 24 Evening Gathering;Mon 25 Afternoon;Mon 25 Evening Gathering;Tue 26 Afternoon;Wed 27 Set down (noon ─ 4pm);Thu 28 Afternoon;Fri 29 Afternoon;Fri 29 Evening Gathering (Sabat);Sat 30 Morn (Sabat & Yom Kippur, Day of Atonement);Sat 30 Afternoon (Ends Sundown around 18:00)","Wycliffe Baptist Church ","Worship / PA (Please indicate in further details at bottom of page ... We will need Worship Leaders, Worship Team and PA)","","My business might me a few mins sometime ","","","","","",""
"2017/09/11 10:42:19 am GMT","Brig (short for Brigitte)","Baylis","07941 048 351","0118 967 8799","brigbaylis@gmail.com","No","Fri 22 Sept Afternoon;Sat 23 Sept afternoon","Greyfriars","Ministry team","Averil has asked if I would lead a workshop on ""using flags"". I'm willing to consider this and would value discussion with the person overseeing worship. I would envisage it as being re using flags in prayer as much as in worship, given the title of the 10-day event. ","","","","","","",""
"2017/09/11 9:52:59 pm GMT","Matthew","Shaw","07595450723","01189883527","Mattshaw63@gmail.com","Yes","Weds 20 Sept Evening Gathering;Thurs 21 Sept Evening Gathering;Fri 22 Sept Evening Gathering;Sat 23 Sept morning from 9:30;Sat 23 Sept afternoon;Sat 23 evening;Fri 29 Afternoon;Fri 29 Evening Gathering (Sabat);Sat 30 Morn (Sabat & Yom Kippur, Day of Atonement);Sat 30 Afternoon (Ends Sundown around 18:00)","The Journey Dave Wraight ","Ministry team;Worship / PA (Please indicate in further details at bottom of page ... We will need Worship Leaders, Worship Team and PA)","","Happy to be involved in any way, I'm a competent musician on keys or guitar if needed and have experience enabling /leading worship ","","","","","",""
"2017/09/11 9:55:47 pm GMT","Marianne","Needham-Bennett","07985 085597","01189 835184","marianne@thechristiangiftcompany.co.uk","No","Sat 23 Sept morning from 9:30;Sat 23 Sept afternoon;Sat 23 evening;Mon 25 Evening Gathering;Fri 29 Evening Gathering (Sabat)","Mortimer West End Chapel","Ministry team","","","","","","","",""
"2017/09/13 1:02:00 pm GMT","Richard","Hughes","07971685377","01189730528","Richardhughes59@hotmail.com","No","Wed 27 Evening Gathering;Thu 28 Evening Gathering","Corpus Christi Wokingham","Stewarding;Ministry team;Worship / PA (Please indicate in further details at bottom of page ... We will need Worship Leaders, Worship Team and PA);Set up. 45 mins before evening gathering.","","","","","","","",""
"2017/09/15 12:12:59 am GMT","Joanne","Tait","07956 559209","","Jotait@skillwise.net","No","Sun 24 Evening Gathering;Mon 25 Afternoon;Mon 25 Evening Gathering;Tue 26 Afternoon;Tue 26 Evening Gathering;Thu 28 Afternoon;Thu 28 Evening Gathering;Fri 29 Afternoon;Fri 29 Evening Gathering (Sabat)","Network Vineyard, Rev Rob Gardiner, 0118 9662007","Stewarding;Ministry team","I've marked sessions I could do to be flexible, but I would prefer not to do two sessions on the same day. ","","","","","","",""
"2017/09/15 7:33:26 am GMT","Cameron","Birtwhistle","07505361690","","cambirt@icloud.com","No","Fri 22 Sept Evening Gathering;Tue 26 Evening Gathering","Reading family church","Worship / PA (Please indicate in further details at bottom of page ... We will need Worship Leaders, Worship Team and PA)","","Happy to do PA","","","","","",""
"2017/09/15 9:07:07 am GMT","Janet","Shury","077 6495 1044","0118 9411845","janet.shury@greyfriars.org.uk","No","Weds 20 Sept Evening Gathering","Greyfriars","Stewarding","","","","","","","",""
"2017/09/15 10:24:49 am GMT","Keith","Dolding","07811 356631","","straightahead@mybroadbandmail.com","No","Tue 26 Afternoon","The Well","Ministry team","","","","","","","",""
"2017/09/15 3:21:38 pm GMT","Benny","Tan ???","07888 747 200","","ben777tan@btinernet.com","No","Wed 27 Evening Gathering;Fri 29 Evening Gathering (Sabat)","St James","Worship / PA (Please indicate in further details at bottom of page ... We will need Worship Leaders, Worship Team and PA)","","will bring St James team for ministry and worship","","","","","",""
"2017/09/16 12:59:26 am GMT","Anne","Morton","07553196839","","Greenladyanne@ hotmail.co.uk","Yes","Weds 20 Sept Evening Gathering;Thurs 21 Sept Afternoon;Thurs 21 Sept Evening Gathering;Fri 22 Sept Afternoon;Sat 23 evening;Sun 24 afternoon;Sun 24 Evening Gathering;Mon 25 Afternoon;Mon 25 Evening Gathering;Tue 26 Afternoon;Tue 26 Evening Gathering;Wed 27 Set down (noon ─ 4pm);Wed 27 Evening Gathering;Thu 28 Afternoon;Thu 28 Evening Gathering;Fri 29 Afternoon;Fri 29 Evening Gathering (Sabat);Sat 30 Morn (Sabat & Yom Kippur, Day of Atonement);Sat 30 Afternoon (Ends Sundown around 18:00)","St Lawrence reading","Ministry team","I have taken leave to help out for the 10 days  I will be praying for each session to se where  Jesus would like me i.e. Evangelism or ministry   I have waited such a long time to see this vision come in to being 27 years in fact  thank you for inviting me  blessings Anne morton","The 3 dates I have not filled in are because I'm street pastering Friday night","","","","","",""
"2017/09/16 12:00:15 pm GMT","Cameron","Spence","07827923721","","cameron.spence@btinternet.com","No","Fri 22 Sept Evening Gathering;Tue 26 Evening Gathering","Tadley Community Church (part of Basingstoke Community Church(","Worship / PA (Please indicate in further details at bottom of page ... We will need Worship Leaders, Worship Team and PA)","I'm experienced in leading worship; happy also to play for/support someone else. I play acoustic/electric guitar, bass and keyboards. I also have access to other musicians and vocalists who could support this.","I also have a substantial PA system, and lighting, and people to operate them, if these are useful to you. ","","","","","",""
"2017/09/16 7:14:42 pm GMT","Simon and Crystal","Baigent","07954335553","02089441454","baigecr@gmail.com","No","Fri 22 Sept Evening Gathering;Sat 23 Sept morning from 9:30;Fri 29 Afternoon;Fri 29 Evening Gathering (Sabat)"," Balham Community Church. Endlesham Road, SW12. Pastors Des and Sue Figueiredo. 02086733939","Worship / PA (Please indicate in further details at bottom of page ... We will need Worship Leaders, Worship Team and PA);Housekeeping","no","There are other available times - could stay until 2pm on Saturday 23rd. possible availability from 3pm on Sunday.
we have 1 singer from our team (Debbie Barracks) who is keen to work with us.","","","","","",""
"2017/09/18 9:52:38 am GMT","Richman","Boampong","07718 913993","","rbrichie@hotmail.co.uk","No","Weds 20 Sept set up team 9:00-14:30;Thurs 21 Sept Evening Gathering;Tue 26 Evening Gathering;Wed 27 Set down (noon ─ 4pm);Thu 28 Evening Gathering","Intercessors Ministries","Worship / PA (Please indicate in further details at bottom of page ... We will need Worship Leaders, Worship Team and PA);Pack away site (27th September afternoon)","","","","","","","",""
"2017/09/18 10:00:48 am GMT","Richel ","Boampong","07885 587998","","rachelboampong@hotmail.co.uk","","Tue 26 Evening Gathering","Intercessors Ministries","Worship / PA (Please indicate in further details at bottom of page ... We will need Worship Leaders, Worship Team and PA)","On Tuesday 26th Evening gathering, I will be able to stay from 7:30pm - 8:00pm","","","","","","",""
"2017/09/18 10:25:30 am GMT","Li Yun ","Tan","07799116252","07799116252","liyun2991@gmail.com","No","Weds 20 Sept set up team 9:00-14:30;Weds 20 Sept Evening Gathering;Thurs 21 Sept Afternoon;Thurs 21 Sept Evening Gathering;Fri 22 Sept Afternoon;Mon 25 Afternoon;Mon 25 Evening Gathering;Tue 26 Afternoon;Tue 26 Evening Gathering;Wed 27 Evening Gathering;Thu 28 Afternoon;Thu 28 Evening Gathering;Fri 29 Afternoon","Wycliffe Baptist Church 0118 929 9911","Stewarding;Decoration Setup (Daytime 20th Sept afternoon and also prior to the event when possible);Set up. 45 mins before evening gathering.","I'm currently suspended from work but awaiting notice from them (at anytime) to be called back to work. At the mean time, I'm very keen to offer my time to volunteer at this event to serve God. Hence, my plans may change if work calls and I have to go back to work on the days I've signed up to be available. I will notify the team as soon as I have any details/updates. ","I am keen to find where my gift is that's been given by God. ","","","","","",""
"2017/09/18 12:34:30 pm GMT","Richman ","Boampong","07718 913993","","rbrichie@hotmail.co.uk","No","Sat 23 evening","Intercessors Ministries","Worship / PA (Please indicate in further details at bottom of page ... We will need Worship Leaders, Worship Team and PA)","","","","","","","",""
"2017/09/18 1:58:09 pm GMT","Caroline","Schmeer","0785 7887642","","chschmeer@gmail.com ","No","Mon 25 Evening Gathering","Greyfriars ","Ministry team","","","","","","","",""
"2017/09/18 3:54:35 pm GMT","Laura","Dutton","07906370261","","lauradutton23@gmail.com","No","Sat 23 Sept morning from 9:30;Sat 23 Sept afternoon;Sat 23 evening;Sun 24 Evening Gathering;Mon 25 Evening Gathering","Grace Church Caversham - http://gracechurch.churchinsight.com/Groups/195737/Grace_Church_Caversham/Contact/Contact.aspx","Worship / PA (Please indicate in further details at bottom of page ... We will need Worship Leaders, Worship Team and PA)","I am a worship leader (singer/acoustic guitar), happy to lead by myself or with musicians if they are comfortable not having rehearsed with me.
Spoke with Tim 18/09/17","I also know a young singer who may be interested in joining me if she is able to. Let me know if you need any details for her. ","","","","","",""
"2017/09/18 4:13:14 pm GMT","Alan","Shemwell","0779 552 1194","","alan.shemwell@hotmail.co.uk","No","Fri 22 Sept Evening Gathering;Sat 23 evening;Sun 24 afternoon;Tue 26 Evening Gathering;Fri 29 Evening Gathering (Sabat);Sat 30 Afternoon (Ends Sundown around 18:00)","Been in a house group with Tim Doolan for 3+ years.  Currently in between churches:  now The Vine Church Odiham, previously Basingstoke Community Churches BCC","Ministry team","","","","","","","",""
"2017/09/18 4:43:54 pm GMT","Milly","Bright","07889203155","NA","milly.bright@ntlworld.com","Yes","Fri 22 Sept Evening Gathering;Fri 29 Evening Gathering (Sabat)","All Nations Christian Centre","Ministry team;Worship / PA (Please indicate in further details at bottom of page ... We will need Worship Leaders, Worship Team and PA)","","My church (All Nations Christian Centre) is putting together a worship team for Thursday 21 or Tuesday 26 Sept (evening)","","","","","",""
"2017/09/19 7:57:06 am GMT","Tricia","Stanley","0791 367 9386","","triciastanley67@gmail.com","No","Weds 20 Sept Evening Gathering;Thurs 21 Sept Evening Gathering;Fri 22 Sept Evening Gathering;Sat 23 Sept morning from 9:30;Sat 23 Sept afternoon;Sat 23 evening;Sun 24 afternoon;Sun 24 Evening Gathering;Mon 25 Evening Gathering;Tue 26 Evening Gathering;Wed 27 Evening Gathering;Thu 28 Evening Gathering;Fri 29 Evening Gathering (Sabat);Sat 30 Morn (Sabat & Yom Kippur, Day of Atonement);Sat 30 Afternoon (Ends Sundown around 18:00)","RFC","Stewarding;Ministry team","","","","","","","",""
"2017/09/19 9:47:07 am GMT","Rita","Langridge","07881 992 320","","rita.langridge@yahoo.com","No","Thurs 21 Sept Evening Gathering;Fri 22 Sept Afternoon;Sat 23 Sept morning from 9:30;Sat 23 Sept afternoon;Sat 23 evening","Wycliffe","Ministry team","","","","","","","",""
"2017/09/19 11:03:41 am GMT","Jacqueline","Netto","07867270307","Nil","jacqueline.netto@gmail.com","No","Fri 22 Sept Evening Gathering;Sat 23 evening;Sun 24 Evening Gathering","LifeSpring Church","Ministry team","Nil","RG63DD","","","","","",""
"2017/09/19 11:27:36 am GMT","Daniel","Carter","07852 909809","","danielrobertcarter@hotmail.co.uk","No","Weds 20 Sept set up team 9:00-14:30;Weds 20 Sept Evening Gathering;Thurs 21 Sept Afternoon;Thurs 21 Sept Evening Gathering;Fri 22 Sept Afternoon;Fri 22 Sept Evening Gathering;Sat 23 Sept morning from 9:30;Sat 23 Sept afternoon;Sat 23 evening;Sun 24 afternoon;Sun 24 Evening Gathering;Mon 25 Afternoon;Mon 25 Evening Gathering;Tue 26 Afternoon;Tue 26 Evening Gathering;Wed 27 Set down (noon ─ 4pm);Wed 27 Evening Gathering;Thu 28 Afternoon;Thu 28 Evening Gathering;Fri 29 Afternoon;Fri 29 Evening Gathering (Sabat);Sat 30 Morn (Sabat & Yom Kippur, Day of Atonement);Sat 30 Afternoon (Ends Sundown around 18:00)","Eden","Set up tent - At least 10 people needed to erect (Daytime 20th Sept afternoon);Pack away site (27th September afternoon)","","+2 for setup","","","","","",""
"2017/09/19 3:42:52 pm GMT","Steve","Cripps","07710453645","","Stevecripps@ntlworld.com","Yes","Tue 26 Evening Gathering","All nations","Worship / PA (Please indicate in further details at bottom of page ... We will need Worship Leaders, Worship Team and PA)","","We will be able to provide a team to lead worship on the 26th if still required. Sorry I tried to send this information in before but I don't think it worked! ","","","","","",""
"2017/09/19 6:23:59 pm GMT","Charis","Entwistle","07547 422 435","","charis.entwistle@hotmail.co.uk","No","Mon 25 Evening Gathering","RFC ","Worship / PA (Please indicate in further details at bottom of page ... We will need Worship Leaders, Worship Team and PA)","","","","","","","",""
"2017/09/20 6:25:51 am GMT","Kevin","Lowen","07775476314","01189540273","Kevin.lowen@outlook.com","No","Weds 20 Sept set up team 9:00-14:30;Thurs 21 Sept Afternoon;Wed 27 Set down (noon ─ 4pm)","Network vineyard earley","Ministry team;Set up tent - At least 10 people needed to erect (Daytime 20th Sept afternoon);Pack away site (27th September afternoon)","","","","","","","",""
"2017/09/20 6:43:08 am GMT","Tope","Akinola","07545921700","","tope2013@hotmail.co.uk","No","Thurs 21 Sept Evening Gathering;Sat 23 evening;Mon 25 Evening Gathering;Thu 28 Evening Gathering","Greyfriars Church, Reading 0118 951 6700","Ministry team","","","","","","","",""
"2017/09/20 9:24:37 am GMT","Julia","Whitwam","07855525451","","jlchildofgod@hotmail.com","No","Mon 25 Afternoon;Tue 26 Evening Gathering;Wed 27 Set down (noon ─ 4pm);Thu 28 Evening Gathering;Fri 29 Evening Gathering (Sabat);Sat 30 Morn (Sabat & Yom Kippur, Day of Atonement)","Lifespring Church","Ministry team;Pack away site (27th September afternoon)","","","","","","","",""
"2017/09/20 10:01:40 am GMT","Eden","Joseph-Greenstock ","07763096763","","edenneriah@googlemail.com","No","Mon 25 Afternoon","Mainly house or bed bound but have been out worshipping at Winchester & Southampton Burns. We're in touch with Steve Abley. ","Worship / PA (Please indicate in further details at bottom of page ... We will need Worship Leaders, Worship Team and PA)","Hi my husband & I do worship sets at some of the Burn 24/7 (vertical worship). We have our own basic equipment but would need a PA to plug into. It would also be helpful to know what equipment would be available e.g. music or Mic stands & amplification such as the PA. ","I've been suffering from illness and use a blue badge for parking. Would there be anywhere close by to park? To conserve my energy as much as possible as needed, unless the miraculous happens? (That would be good). 

I like to use what strength I have to exalt and adore the Lord & to respond to Him. I spoke to you at DT we sat together with Steve Abley. I write my own songs through my response or encounters to God so they won't be well known. I pray it's all going God's way in Jesus name amen ","","","","","",""
"2017/09/20 6:29:43 pm GMT","Arlene","Rebello","07713 892 407","","Aerebello@gmail.com","Yes","Sun 24 afternoon","St James","Stewarding","I may not be able to help hit all of Sunday afternoon but would be available definitely fir the first few hours.","","","","","","",""
"2017/09/21 10:09:05 am GMT","Angie ","Voulasiki ","07932638840","","avoulasiki@hotmail.com","No","Fri 22 Sept Afternoon","st James ","Worship / PA (Please indicate in further details at bottom of page ... We will need Worship Leaders, Worship Team and PA)","I can only stay up to 15.00","Worship team","","","","","",""
"2017/09/21 10:09:22 am GMT","Angie ","Voulasiki ","07932638840","","avoulasiki@hotmail.com","No","Fri 22 Sept Afternoon","st James ","Worship / PA (Please indicate in further details at bottom of page ... We will need Worship Leaders, Worship Team and PA)","I can only stay up to 15.00","Worship team","","","","","",""
"2017/09/21 2:23:47 pm GMT","sophie","choi","07933188608","","sophiechoi16@gmail.com","No","Thurs 21 Sept Evening Gathering;Mon 25 Afternoon;Tue 26 Evening Gathering;Thu 28 Evening Gathering","Wycliffe Baptist Church 233 King's Road Reading, England   0118 929 9911","Stewarding;Ministry team","","I love Jesus and want to show his love to others in service for this town","","","","","",""
"2017/09/21 7:23:35 pm GMT","David","Lee","07754806985","","t.d.lee@servicemusic.org.uk","No","Fri 22 Sept Evening Gathering;Sat 23 Sept afternoon;Sat 23 evening;Mon 25 Evening Gathering;Tue 26 Evening Gathering;Wed 27 Evening Gathering;Thu 28 Evening Gathering;Fri 29 Evening Gathering (Sabat);Sat 30 Afternoon (Ends Sundown around 18:00)","St. Barnabas, Emmer Green.  (Not sure what you mean by ""sponsoring"")","Worship / PA (Please indicate in further details at bottom of page ... We will need Worship Leaders, Worship Team and PA)","As I recover from chemotherapy, need to be careful about fatigue.","Lifelong leader of congregational song, from very traditional to modern.  But not a solo performer.  Published songwriter (e.g. Spring Harvest; Methodist ""Singing the Faith"" hymnbook; USA ""Psalms for All Seasons"", etc.)","","","","","",""
"2017/09/21 7:39:31 pm GMT","James","Horne","07531180950","","james99h39@gmail.com","No","Sat 23 evening","Reading Family Church, 0118 933 7691","Ministry team","","I've done it before at an almost identical event (Church in the Park, Southampton)","","","","","",""
"2017/09/21 10:35:53 pm GMT","David","Lee","07754806985","","t.d.lee@servicemusic.org.uk","No","Fri 22 Sept Evening Gathering;Sat 23 Sept afternoon;Sat 23 evening;Mon 25 Evening Gathering;Tue 26 Evening Gathering;Wed 27 Evening Gathering;Thu 28 Evening Gathering;Fri 29 Evening Gathering (Sabat);Sat 30 Afternoon (Ends Sundown around 18:00)","St. Barnabas, Emmer Green.  (Not sure what you mean by ""sponsoring"")","Worship / PA (Please indicate in further details at bottom of page ... We will need Worship Leaders, Worship Team and PA)","As I recover from chemotherapy, need to be careful about fatigue.","Lifelong leader of congregational song, from very traditional to modern.  But not a solo performer.  Published songwriter (e.g. Spring Harvest; Methodist ""Singing the Faith"" hymnbook; USA ""Psalms for All Seasons"", etc.)","","","","","",""
"2017/09/22 8:49:03 pm GMT","Nathan","Scott","07548513200","07548513200","N.scott14@hotmail.co.uk","No","Mon 25 Afternoon;Mon 25 Evening Gathering;Tue 26 Afternoon;Tue 26 Evening Gathering;Wed 27 Evening Gathering;Thu 28 Afternoon;Fri 29 Afternoon","Level 10 Winchester ","Worship / PA (Please indicate in further details at bottom of page ... We will need Worship Leaders, Worship Team and PA)","","","","","","","",""
"2017/09/25 5:46:36 pm GMT","","","","","","","Thu 28 Afternoon","All nations Christian centre","Ministry team","","","","","","","",""
"2017/09/25 5:47:59 pm GMT","Temi","Joseph","","","Winnynibi@yahoo.co.uk","No","Thu 28 Afternoon","All nations Christian centre","Ministry team","","","","","","","",""